csafp,cbsafp,geoid,name,lsad,name_short,lat,lon
122,12020,12020,"Athens-Clarke County, GA",M1,Athens,33.943984,-83.2138965
122,12060,12060,"Atlanta-Sandy Springs-Alpharetta, GA",M1,Atlanta,33.693728,-84.3999113
428,12100,12100,"Atlantic City-Hammonton, NJ",M1,Atlantic City,39.4693555,-74.6337591
426,12120,12120,"Atmore, AL",M2,Atmore,31.1222867,-87.1684097
NA,12260,12260,"Augusta-Richmond County, GA-SC",M1,Augusta,33.4603713,-81.9828327
NA,12300,12300,"Augusta-Waterville, ME",M2,Augusta,44.4170119,-69.7657639
NA,12420,12420,"Austin-Round Rock-Georgetown, TX",M1,Austin,30.2395128,-97.6912697
NA,12460,12460,"Bainbridge, GA",M2,Bainbridge,30.8806431,-84.5838902
NA,12540,12540,"Bakersfield, CA",M1,Bakersfield,35.3466288,-118.7295064
548,12580,12580,"Baltimore-Columbia-Towson, MD",M1,Baltimore,39.304361,-76.5495009
NA,12620,12620,"Bangor, ME",M1,Bangor,45.4092843,-68.666616
357,12660,12660,"Baraboo, WI",M2,Baraboo,43.428001,-89.9433184
148,12700,12700,"Barnstable Town, MA",M1,Barnstable Town,41.7990145,-70.2118803
162,12740,12740,"Barre, VT",M2,Barre,44.2749884,-72.6095138
NA,12900,12900,"Batesville, AR",M2,Batesville,35.9277272,-91.5154036
310,12980,12980,"Battle Creek, MI",M1,Battle Creek,42.2429896,-85.0123853
288,13060,13060,"Bay City, TX",M2,Bay City,28.7747601,-96.0015316
339,13100,13100,"Beatrice, NE",M2,Beatrice,40.2552337,-96.6834528
NA,13140,13140,"Beaumont-Port Arthur, TX",M1,Beaumont,30.0759278,-94.2027049
144,13260,13260,"Bedford, IN",M2,Bedford,38.8398148,-86.4878198
NA,13380,13380,"Bellingham, WA",M1,Bellingham,48.8426531,-121.8364325
NA,13420,13420,"Bemidji, MN",M2,Bemidji,47.8795077,-95.00505
140,13460,13460,"Bend, OR",M1,Bend,43.9151181,-121.2255751
NA,13540,13540,"Bennington, VT",M2,Bennington,43.0353254,-73.1114603
NA,13620,13620,"Berlin, NH",M2,Berlin,44.6525477,-71.2894309
266,13660,13660,"Big Rapids, MI",M2,Big Rapids,43.6352949,-85.3327509
NA,13720,13720,"Big Stone Gap, VA",M2,Big Stone Gap,36.9745607,-82.6215601
NA,13740,13740,"Billings, MT",M1,Billings,45.6371402,-108.8323611
142,13820,13820,"Birmingham-Hoover, AL",M1,Birmingham,33.4025986,-86.7295151
NA,13900,13900,"Bismarck, ND",M1,Bismarck,46.887031,-100.979592
NA,13980,13980,"Blacksburg-Christiansburg, VA",M1,Blacksburg,37.1201194,-80.5591473
145,14010,14010,"Bloomington, IL",M1,Bloomington,40.4945594,-88.8445391
NA,14180,14180,"Blytheville, AR",M2,Blytheville,35.7669437,-90.0522072
147,14260,14260,"Boise City, ID",M1,Boise City,43.0066485,-116.1419089
NA,14380,14380,"Boone, NC",M2,Boone,36.2353679,-81.7098875
148,14460,14460,"Boston-Cambridge-Newton, MA-NH",M1,Boston,42.517606,-71.0219925
216,14500,14500,"Boulder, CO",M1,Boulder,40.0949699,-105.3976911
150,14540,14540,"Bowling Green, KY",M1,Bowling Green,37.0468241,-86.3970408
NA,14580,14580,"Bozeman, MT",M2,Bozeman,45.5180536,-111.1639214
NA,14660,14660,"Brainerd, MN",M2,Brainerd,46.7672909,-94.2238624
500,14740,14740,"Bremerton-Silverdale-Port Orchard, WA",M1,Bremerton,47.6395948,-122.6496339
408,14860,14860,"Bridgeport-Stamford-Norwalk, CT",M1,Bridgeport,41.2274128,-73.3670614
NA,15060,15060,"Brookings, OR",M2,Brookings,42.4664387,-124.2109292
154,15180,15180,"Brownsville-Harlingen, TX",M1,Brownsville,26.1029227,-97.4789584
NA,15220,15220,"Brownwood, TX",M2,Brownwood,31.7641372,-98.998456
NA,15260,15260,"Brunswick, GA",M1,Brunswick,31.3017391,-81.5889087
160,15380,15380,"Buffalo-Cheektowaga, NY",M1,Buffalo,43.0443711,-78.7773351
NA,15420,15420,"Burley, ID",M2,Burley,42.3691987,-113.6424237
178,17140,17140,"Cincinnati, OH-KY-IN",M1,"Cincinnati, OH",39.0998213,-84.4804072
NA,17300,17300,"Clarksville, TN-KY",M1,"Clarksville, TN",36.6957098,-87.6243072
184,17460,17460,"Cleveland-Elyria, OH",M1,Cleveland,41.7603919,-81.7242168
209,17540,17540,"Clinton, IA",M2,Clinton,41.8980732,-90.5342431
188,17580,17580,"Clovis, NM",M2,Clovis,34.5729841,-103.3460546
518,17660,17660,"Coeur d'Alene, ID",M1,Coeur d'Alene,47.6759658,-116.6959222
NA,17700,17700,"Coffeyville, KS",M2,Coffeyville,37.1895369,-95.7424028
NA,17780,17780,"College Station-Bryan, TX",M1,College Station,30.7543917,-96.4885368
NA,17820,17820,"Colorado Springs, CO",M1,Colorado Springs,38.8455072,-104.6387277
192,17900,17900,"Columbia, SC",M1,Columbia,34.0775845,-81.0378453
194,17980,17980,"Columbus, GA-AL",M1,"Columbus, GA",32.4193768,-84.8437095
294,18020,18020,"Columbus, IN",M1,Columbus,39.205843,-85.8979988
200,18060,18060,"Columbus, MS",M2,Columbus,33.4714237,-88.4397227
NA,18100,18100,"Columbus, NE",M2,Columbus,41.5768655,-97.5134673
198,18140,18140,"Columbus, OH",M1,Columbus,39.9685617,-82.8359105
148,18180,18180,"Concord, NH",M2,Concord,43.2995786,-71.6800412
NA,18300,18300,"Coos Bay, OR",M2,Coos Bay,43.1859095,-124.0941335
204,18580,18580,"Corpus Christi, TX",M1,Corpus Christi,27.8335972,-97.5089575
206,18620,18620,"Corsicana, TX",M2,Corsicana,32.048448,-96.4769087
296,18660,18660,"Cortland, NY",M2,Cortland,42.594039,-76.0762398
440,18700,18700,"Corvallis, OR",M1,Corvallis,44.4938816,-123.4246641
525,18780,18780,"Craig, CO",M2,Craig,40.6108644,-108.2171545
NA,18860,18860,"Crescent City, CA",M2,Crescent City,41.763958,-124.003614
NA,22220,22220,"Fayetteville-Springdale-Rogers, AR",M1,Fayetteville,36.1163935,-94.0795449
NA,22260,22260,"Fergus Falls, MN",M2,Fergus Falls,46.4057273,-95.7145815
534,22300,22300,"Findlay, OH",M2,Findlay,41.0004711,-83.6660335
NA,22380,22380,"Flagstaff, AZ",M1,Flagstaff,35.8296919,-111.7737277
220,22420,22420,"Flint, MI",M1,Flint,43.0210768,-83.7063718
NA,22500,22500,"Florence, SC",M1,Florence,34.1535741,-79.8061642
NA,22520,22520,"Florence-Muscle Shoals, AL",M1,Florence,34.7992544,-87.7193881
NA,22580,22580,"Forest City, NC",M2,Forest City,35.4027469,-81.9195825
NA,22660,22660,"Fort Collins, CO",M1,Fort Collins,40.6580933,-105.4867638
NA,22700,22700,"Fort Dodge, IA",M2,Fort Dodge,42.4335786,-94.1758309
497,22840,22840,"Fort Payne, AL",M2,Fort Payne,34.460929,-85.803992
NA,22900,22900,"Fort Smith, AR-OK",M1,"Fort Smith, AR",35.4631192,-94.2997413
258,23060,23060,"Fort Wayne, IN",M1,Fort Wayne,41.1131166,-85.2177047
336,23180,23180,"Frankfort, KY",M2,Frankfort,38.1214495,-84.933167
314,23240,23240,"Fredericksburg, TX",M2,Fredericksburg,30.3250913,-98.9418512
260,23420,23420,"Fresno, CA",M1,Fresno,36.7610058,-119.6550193
264,23540,23540,"Gainesville, FL",M1,Gainesville,29.4807065,-82.6274667
122,23580,23580,"Gainesville, GA",M1,Gainesville,34.3175689,-83.8184997
206,23620,23620,"Gainesville, TX",M2,Gainesville,33.6391964,-97.2103433
NA,23660,23660,"Galesburg, IL",M2,Galesburg,40.9309446,-90.2137921
NA,23700,23700,"Gallup, NM",M2,Gallup,35.5838784,-108.2532659
NA,23780,23780,"Garden City, KS",M2,Garden City,38.0254528,-100.9706954
NA,23940,23940,"Gillette, WY",M2,Gillette,44.2321004,-105.0343417
NA,18880,18880,"Crestview-Fort Walton Beach-Destin, FL",M1,Crestview,30.6410974,-86.3676916
NA,18900,18900,"Crossville, TN",M2,Crossville,35.9523984,-84.9947614
142,18980,18980,"Cullman, AL",M2,Cullman,34.1319229,-86.8692666
206,19100,19100,"Dallas-Fort Worth-Arlington, TX",M1,Dallas,32.8491708,-96.9704894
174,19140,19140,"Dalton, GA",M1,Dalton,34.7969557,-84.856279
NA,19180,19180,"Danville, IL",M1,Danville,40.1867542,-87.7267779
NA,19260,19260,"Danville, VA",M2,Danville,36.811853,-79.4001219
380,19300,19300,"Daphne-Fairhope-Foley, AL",M1,Daphne,30.6592183,-87.7460666
209,19340,19340,"Davenport-Moline-Rock Island, IA-IL",M1,Davenport,41.3916799,-90.460076
212,19430,19430,"Dayton-Kettering, OH",M1,Dayton,39.8288538,-84.1418129
290,19460,19460,"Decatur, AL",M1,Decatur,34.4893614,-87.0971469
NA,19620,19620,"Del Rio, TX",M2,Del Rio,29.8752853,-101.1433237
422,19660,19660,"Deltona-Daytona Beach-Ormond Beach, FL",M1,Deltona,29.1789002,-81.1890231
NA,19700,19700,"Deming, NM",M2,Deming,32.1845231,-107.7471911
216,19740,19740,"Denver-Aurora-Lakewood, CO",M1,Denver,39.434789,-104.9010728
218,19780,19780,"Des Moines-West Des Moines, IA",M1,Des Moines,41.5770501,-93.7597124
220,19820,19820,"Detroit-Warren-Dearborn, MI",M1,Detroit,42.7218478,-83.2008463
NA,19860,19860,"Dickinson, ND",M2,Dickinson,46.9125835,-102.9884867
NA,19980,19980,"Dodge City, KS",M2,Dodge City,37.6884159,-99.8847484
NA,20060,20060,"Douglas, GA",M2,Douglas,31.4595406,-82.8673266
428,20100,20100,"Dover, DE",M1,Dover,39.0970884,-75.5029819
NA,20140,20140,"Dublin, GA",M2,Dublin,32.5089403,-82.8100132
524,20180,20180,"DuBois, PA",M2,DuBois,41.0002489,-78.473749
NA,20220,20220,"Dubuque, IA",M1,Dubuque,42.4634808,-90.8787708
NA,20260,20260,"Duluth, MN-WI",M1,"Duluth, MN",47.3475056,-92.1553326
NA,20340,20340,"Duncan, OK",M2,Duncan,34.4813609,-97.8556068
NA,20420,20420,"Durango, CO",M2,Durango,37.2873673,-107.8397178
206,20460,20460,"Durant, OK",M2,Durant,33.9640035,-96.2641365
408,20700,20700,"East Stroudsburg, PA",M1,East Stroudsburg,41.0562401,-75.3290651
232,20740,20740,"Eau Claire, WI",M1,Eau Claire,44.9386719,-91.2843222
233,20780,20780,"Edwards, CO",M2,Edwards,39.6269919,-106.6951694
NA,20820,20820,"Effingham, IL",M2,Effingham,39.0479445,-88.5928488
288,20900,20900,"El Campo, TX",M2,El Campo,29.2784805,-96.2296745
NA,20940,20940,"El Centro, CA",M1,El Centro,33.0408143,-115.3554001
NA,20980,20980,"El Dorado, AR",M2,El Dorado,33.1682186,-92.5981447
545,21020,21020,"Elizabeth City, NC",M2,Elizabeth City,36.1968134,-76.3426012
350,21060,21060,"Elizabethtown-Fort Knox, KY",M1,Elizabethtown,37.7329803,-85.9721707
515,21140,21140,"Elkhart-Goshen, IN",M1,Elkhart,41.6006928,-85.8639864
NA,21180,21180,"Elkins, WV",M2,Elkins,38.7810953,-79.8677881
NA,21220,21220,"Elko, NV",M2,Elko,40.9060857,-115.5545775
NA,21260,21260,"Ellensburg, WA",M2,Ellensburg,47.1244411,-120.6767092
236,21300,21300,"Elmira, NY",M1,Elmira,42.1552804,-76.7471791
238,21340,21340,"El Paso, TX",M1,El Paso,31.527394,-105.5213326
NA,21380,21380,"Emporia, KS",M2,Emporia,38.3821338,-96.3593009
NA,21420,21420,"Enid, OK",M1,Enid,36.3780539,-97.7884503
240,21500,21500,"Erie, PA",M1,Erie,42.1179519,-80.0963858
NA,21540,21540,"Escanaba, MI",M2,Escanaba,45.8052288,-86.9019375
NA,21640,21640,"Eufaula, AL-GA",M2,"Eufaula, AL",31.8672807,-85.3350319
NA,21660,21660,"Eugene-Springfield, OR",M1,Eugene,43.9283286,-122.8976901
NA,21700,21700,"Eureka-Arcata, CA",M2,Eureka,40.7066554,-123.9261757
NA,21780,21780,"Evansville, IN-KY",M1,"Evansville, IN",38.0200703,-87.5861659
NA,21820,21820,"Fairbanks, AK",M1,Fairbanks,64.6760436,-146.5481586
NA,21860,21860,"Fairmont, MN",M2,Fairmont,43.6771181,-94.5372525
NA,21980,21980,"Fallon, NV",M2,Fallon,39.5377097,-118.2641661
244,22020,22020,"Fargo, ND-MN",M1,"Fargo, ND",46.9148591,-96.9601826
378,22060,22060,"Faribault-Northfield, MN",M2,Faribault,44.3507339,-93.2985052
476,22100,22100,"Farmington, MO",M2,Farmington,37.8107068,-90.4738684
NA,22140,22140,"Farmington, NM",M1,Farmington,36.5116245,-108.3245778
246,22180,22180,"Fayetteville, NC",M1,Fayetteville,35.1559863,-78.93185
161,15460,15460,"Burlington, IA-IL",M2,"Burlington, IA",40.8638225,-91.0699761
268,15500,15500,"Burlington, NC",M1,Burlington,36.0439535,-79.4005733
162,15540,15540,"Burlington-South Burlington, VT",M1,Burlington,44.6891168,-73.0411707
NA,15580,15580,"Butte-Silver Bow, MT",M2,Butte,45.8962319,-112.6600714
NA,15620,15620,"Cadillac, MI",M2,Cadillac,44.3287385,-85.3264287
548,15680,15680,"California-Lexington Park, MD",M1,California,38.2202894,-76.5303837
163,15980,15980,"Cape Coral-Fort Myers, FL",M1,Cape Coral,26.5590348,-81.8919943
164,16020,16020,"Cape Girardeau, MO-IL",M1,"Cape Girardeau, MO",37.3259361,-89.7626388
NA,16060,16060,"Carbondale-Marion, IL",M1,Carbondale,37.6897419,-89.1051489
NA,16100,16100,"Carlsbad-Artesia, NM",M2,Carlsbad,32.4578347,-104.3064338
NA,16220,16220,"Casper, WY",M1,Casper,42.9776447,-106.7682192
NA,16260,16260,"Cedar City, UT",M2,Cedar City,37.9093044,-113.3067405
168,16300,16300,"Cedar Rapids, IA",M1,Cedar Rapids,42.0863293,-91.6311439
476,16460,16460,"Centralia, IL",M2,Centralia,38.6482361,-88.9203624
NA,16580,16580,"Champaign-Urbana, IL",M1,Champaign,40.1029885,-88.3185039
170,16620,16620,"Charleston, WV",M1,Charleston,38.3551769,-81.6203407
NA,16660,16660,"Charleston-Mattoon, IL",M2,Charleston,39.4231628,-88.2422121
NA,16700,16700,"Charleston-North Charleston, SC",M1,Charleston,33.0180695,-80.0075006
172,16740,16740,"Charlotte-Concord-Gastonia, NC-SC",M1,Charlotte,35.1663423,-80.7972848
NA,16820,16820,"Charlottesville, VA",M1,Charlottesville,37.9490837,-78.5932062
174,16860,16860,"Chattanooga, TN-GA",M1,"Chattanooga, TN",35.0493612,-85.3611582
NA,16940,16940,"Cheyenne, WY",M1,Cheyenne,41.2928302,-104.660395
176,16980,16980,"Chicago-Naperville-Elgin, IL-IN-WI",M1,Chicago,41.8235214,-87.8282967
NA,17020,17020,"Chico, CA",M1,Chico,39.6659588,-121.60191880000001
NA,10100,10100,"Aberdeen, SD",M2,Aberdeen,45.5194353,-98.7007003
NA,10140,10140,"Aberdeen, WA",M2,Aberdeen,47.1137324,-123.8267349
NA,10180,10180,"Abilene, TX",M1,Abilene,32.4520222,-99.7187428
NA,10220,10220,"Ada, OK",M2,Ada,34.7214461,-96.691971
NA,10380,10380,"Aguadilla-Isabela, PR",M1,Aguadilla,18.3569648,-67.0078951
184,10420,10420,"Akron, OH",M1,Akron,41.1466395,-81.3501104
NA,10460,10460,"Alamogordo, NM",M2,Alamogordo,32.6155988,-105.7513079
NA,10500,10500,"Albany, GA",M1,Albany,31.6444531,-84.1119078
104,10580,10580,"Albany-Schenectady-Troy, NY",M1,Albany,42.7879202,-73.9423479
172,10620,10620,"Albemarle, NC",M2,Albemarle,35.3104492,-80.2543742
NA,10660,10660,"Albert Lea, MN",M2,Albert Lea,43.6742019,-93.3502887
NA,10700,10700,"Albertville, AL",M2,Albertville,34.3095637,-86.3216681
106,10740,10740,"Albuquerque, NM",M1,Albuquerque,35.1234965,-106.4583918
388,10760,10760,"Alexander City, AL",M2,Alexander City,32.9004862,-86.002932
NA,10780,10780,"Alexandria, LA",M1,Alexandria,31.3253478,-92.5468034
NA,10820,10820,"Alexandria, MN",M2,Alexandria,45.9368293,-95.462156
204,10860,10860,"Alice, TX",M2,Alice,27.6977432,-98.3908809
NA,10900,10900,"Allentown-Bethlehem-Easton, PA-NJ",M1,Allentown,40.7893392,-75.398158
394,10940,10940,"Alma, MI",M2,Alma,43.2923259,-84.60469
NA,10980,10980,"Alpena, MI",M2,Alpena,44.894954,-83.4265739
107,11020,11020,"Altoona, PA",M1,Altoona,40.4986536,-78.3095974
NA,11060,11060,"Altus, OK",M2,Altus,34.5940059,-99.4122347
108,11100,11100,"Amarillo, TX",M1,Amarillo,35.2478969,-101.9086384
218,11180,11180,"Ames, IA",M1,Ames,42.0361281,-93.6980079
NA,11260,11260,"Anchorage, AK",M1,Anchorage,62.2127844,-149.6782218
220,11460,11460,"Ann Arbor, MI",M1,Ann Arbor,42.2522168,-83.8434233
NA,11500,11500,"Anniston-Oxford, AL",M1,Anniston,33.7705162,-85.8279089
NA,11620,11620,"Ardmore, OK",M2,Ardmore,34.1258229,-97.2639184
120,11700,11700,"Asheville, NC",M1,Asheville,35.5956693,-82.6816145
NA,11820,11820,"Astoria, OR",M2,Astoria,46.0245094,-123.7050366
NA,49260,49260,"Woodward, OK",M2,Woodward,36.3312927,-99.5006858
148,49340,49340,"Worcester, MA-CT",M1,"Worcester, MA",42.2173112,-71.9255354
NA,49380,49380,"Worthington, MN",M2,Worthington,43.6776863,-95.7631323
NA,49420,49420,"Yakima, WA",M1,Yakima,46.4565581,-120.7401446
NA,49460,49460,"Yankton, SD",M2,Yankton,43.006603,-97.3883614
276,49620,49620,"York-Hanover, PA",M1,York,39.9217514,-76.7288887
566,49660,49660,"Youngstown-Warren-Boardman, OH-PA",M1,Youngstown,41.23646,-80.5617836
472,49700,49700,"Yuba City, CA",M1,Yuba City,39.1609692,-121.5118327
NA,49740,49740,"Yuma, AZ",M1,Yuma,32.7739424,-113.910905
198,49780,49780,"Zanesville, OH",M2,Zanesville,39.9660457,-81.9435064
104,24020,24020,"Glens Falls, NY",M1,Glens Falls,43.4404503,-73.6367573
233,24060,24060,"Glenwood Springs, CO",M2,Glenwood Springs,39.5095415,-107.6673111
NA,24140,24140,"Goldsboro, NC",M1,Goldsboro,35.3541896,-78.0086695
206,24180,24180,"Granbury, TX",M2,Granbury,32.430149,-97.8316766
NA,24220,24220,"Grand Forks, ND-MN",M1,"Grand Forks, ND",47.835929,-96.8426809
NA,24260,24260,"Grand Island, NE",M1,Grand Island,41.0839258,-98.3742176
NA,24300,24300,"Grand Junction, CO",M1,Grand Junction,39.019524,-108.4605707
NA,24330,24330,"Grand Rapids, MN",M2,Grand Rapids,47.4908166,-93.6111022
266,24340,24340,"Grand Rapids-Kentwood, MI",M1,Grand Rapids,43.0375977,-85.7781669
NA,24380,24380,"Grants, NM",M2,Grants,34.9282721,-107.9926805
366,24420,24420,"Grants Pass, OR",M1,Grants Pass,42.3869829,-123.5716197
NA,24460,24460,"Great Bend, KS",M2,Great Bend,38.4812394,-98.7678374
NA,24500,24500,"Great Falls, MT",M1,Great Falls,47.3165751,-111.3502622
216,24540,24540,"Greeley, CO",M1,Greeley,40.555961,-104.383666
267,24580,24580,"Green Bay, WI",M1,Green Bay,44.4740244,-87.9961303
268,24660,24660,"Greensboro-High Point, NC",M1,Greensboro,36.0252039,-79.7926333
NA,24740,24740,"Greenville, MS",M2,Greenville,33.273174,-90.9444459
272,24780,24780,"Greenville, NC",M1,Greenville,35.5924897,-77.3727387
273,24860,24860,"Greenville-Anderson, SC",M1,Greenville,34.6837085,-82.4134227
NA,24900,24900,"Greenwood, MS",M2,Greenwood,33.4913047,-90.1136329
273,24940,24940,"Greenwood, SC",M2,Greenwood,34.1557959,-82.1278759
NA,25060,25060,"Gulfport-Biloxi, MS",M1,Gulfport,30.4801526,-88.9992972
548,25180,25180,"Hagerstown-Martinsburg, MD-WV",M1,Hagerstown,39.5544327,-77.9845935
NA,25200,25200,"Hailey, ID",M2,Hailey,43.4458226,-114.1838999
260,25260,25260,"Hanford-Corcoran, CA",M1,Hanford,36.072478,-119.8155301
276,25420,25420,"Harrisburg-Carlisle, PA",M1,Harrisburg,40.335915,-77.0504897
NA,25460,25460,"Harrison, AR",M2,Harrison,36.0878092,-93.1620533
278,25540,25540,"Hartford-East Hartford-Middletown, CT",M1,Hartford,41.7186503,-72.5739191
NA,25580,25580,"Hastings, NE",M2,Hastings,40.5206322,-98.5000441
279,25620,25620,"Hattiesburg, MS",M1,Hattiesburg,31.2737661,-89.3006335
NA,25740,25740,"Helena, MT",M2,Helena,46.8113536,-112.2840307
NA,25840,25840,"Hermiston-Pendleton, OR",M2,Hermiston,45.5446021,-119.0761905
NA,25860,25860,"Hickory-Lenoir-Morganton, NC",M1,Hickory,35.8146111,-81.4570656
NA,25900,25900,"Hilo, HI",M2,Hilo,19.5977643,-155.5024434
NA,25940,25940,"Hilton Head Island-Bluffton, SC",M1,Hilton Head Island,32.3867916,-80.8308775
NA,26020,26020,"Hobbs, NM",M2,Hobbs,32.7956865,-103.4132707
NA,26340,26340,"Houghton, MI",M2,Houghton,47.6819737,-88.1487965
NA,26380,26380,"Houma-Thibodaux, LA",M1,Houma,29.3341299,-90.8436739
288,26420,26420,"Houston-The Woodlands-Sugar Land, TX",M1,Houston,29.7495926,-95.3536422
290,26620,26620,"Huntsville, AL",M1,Huntsville,34.7832617,-86.7348706
288,26660,26660,"Huntsville, TX",M2,Huntsville,30.7431631,-95.5698246
NA,26700,26700,"Huron, SD",M2,Huron,44.3113913,-98.3823862
NA,26740,26740,"Hutchinson, KS",M2,Hutchinson,37.9481849,-98.0783463
292,26820,26820,"Idaho Falls, ID",M1,Idaho Falls,43.620423099999996,-112.4209193
430,26860,26860,"Indiana, PA",M2,Indiana,40.6514319,-79.0875451
294,26900,26900,"Indianapolis-Carmel-Anderson, IN",M1,Indianapolis,39.74867,-86.2123823
168,26980,26980,"Iowa City, IA",M1,Iowa City,41.5178058,-91.6479303
361,27020,27020,"Iron Mountain, MI-WI",M2,"Iron Mountain, MI",45.9477052,-88.0809696
296,27060,27060,"Ithaca, NY",M1,Ithaca,42.4530063,-76.4734835
NA,27100,27100,"Jackson, MI",M1,Jackson,42.2484738,-84.4208679
298,27140,27140,"Jackson, MS",M1,Jackson,32.4282801,-90.2023875
NA,27220,27220,"Jackson, WY-ID",M2,"Jackson, WY",44.048662,-110.426087
300,27260,27260,"Jacksonville, FL",M1,Jacksonville,30.2365943,-81.7544462
522,27300,27300,"Jacksonville, IL",M2,Jacksonville,39.6939496,-90.2850474
NA,27340,27340,"Jacksonville, NC",M1,Jacksonville,34.7631087,-77.4994691
540,27380,27380,"Jacksonville, TX",M2,Jacksonville,31.8438807,-95.1563425
NA,27420,27420,"Jamestown, ND",M2,Jamestown,46.9722235,-98.9561228
NA,27460,27460,"Jamestown-Dunkirk-Fredonia, NY",M2,Jamestown,42.3042159,-79.4075949
357,27500,27500,"Janesville-Beloit, WI",M1,Janesville,42.6698802,-89.0752844
NA,27540,27540,"Jasper, IN",M2,Jasper,38.3841559,-87.0359535
309,27900,27900,"Joplin, MO",M1,Joplin,37.0555457,-94.3397364
NA,27940,27940,"Juneau, AK",M2,Juneau,58.3729099,-134.1784454
NA,27980,27980,"Kahului-Wailuku-Lahaina, HI",M1,Kahului,20.8559308,-156.6015502
310,28020,28020,"Kalamazoo-Portage, MI",M1,Kalamazoo,42.2462657,-85.5328544
NA,28060,28060,"Kalispell, MT",M2,Kalispell,48.3146779,-114.0542951
312,28140,28140,"Kansas City, MO-KS",M1,"Kansas City, MO",38.9318494,-94.4438241
NA,28180,28180,"Kapaa, HI",M2,Kapaa,22.0120383,-159.7059653
NA,28260,28260,"Kearney, NE",M2,Kearney,40.7391446,-99.0315562
NA,28300,28300,"Keene, NH",M2,Keene,42.9254596,-72.2481828
313,28420,28420,"Kennewick-Richland, WA",M1,Kennewick,46.3639636,-119.2540459
314,28500,28500,"Kerrville, TX",M2,Kerrville,30.059953,-99.3533388
NA,28540,28540,"Ketchikan, AK",M2,Ketchikan,55.4499378,-131.1066847
370,28580,28580,"Key West, FL",M2,Key West,24.7688833,-80.9532703
545,28620,28620,"Kill Devil Hills, NC",M2,Kill Devil Hills,35.6062688,-75.7675364
NA,28660,28660,"Killeen-Temple, TX",M1,Killeen,31.2027301,-97.7896384
304,28700,28700,"Kingsport-Bristol, TN-VA",M1,Kingsport,36.6041611,-82.4401446
204,28780,28780,"Kingsville, TX",M2,Kingsville,27.1139432,-97.5685077
272,28820,28820,"Kinston, NC",M2,Kinston,35.2400677,-77.6355095
NA,28860,28860,"Kirksville, MO",M2,Kirksville,40.2844889,-92.5651239
NA,28900,28900,"Klamath Falls, OR",M2,Klamath Falls,42.6837613,-121.6461682
315,28940,28940,"Knoxville, TN",M1,Knoxville,36.0147907,-84.2067014
316,29020,29020,"Kokomo, IN",M1,Kokomo,40.4835368,-86.1141178
148,29060,29060,"Laconia, NH",M2,Laconia,43.5191091,-71.4253661
NA,29100,29100,"La Crosse-Onalaska, WI-MN",M1,La Crosse,43.7832461,-91.318743
318,29180,29180,"Lafayette, LA",M1,Lafayette,29.9577733,-92.0493498
320,29200,29200,"Lafayette-West Lafayette, IN",M1,Lafayette,40.4821533,-87.0171117
NA,29260,29260,"La Grande, OR",M2,La Grande,45.3040809,-117.9991488
324,29340,29340,"Lake Charles, LA",M1,Lake Charles,29.9787547,-93.2532434
NA,29420,29420,"Lake Havasu City-Kingman, AZ",M1,Lake Havasu City,35.717705,-113.7496891
422,29460,29460,"Lakeland-Winter Haven, FL",M1,Lakeland,27.9536488,-81.6935337
NA,29540,29540,"Lancaster, PA",M1,Lancaster,40.0419921,-76.250198
NA,29620,29620,"Lansing-East Lansing, MI",M1,Lansing,42.7712334,-84.4960294
NA,29660,29660,"Laramie, WY",M2,Laramie,41.6655141,-105.7218826
NA,29700,29700,"Laredo, TX",M1,Laredo,27.7607987,-99.3407518
238,29740,29740,"Las Cruces, NM",M1,Las Cruces,32.349919,-106.8349684
106,29780,29780,"Las Vegas, NM",M2,Las Vegas,35.6440668,-104.8630266
332,29820,29820,"Las Vegas-Henderson-Paradise, NV",M1,Las Vegas,36.2142575,-115.013812
279,29860,29860,"Laurel, MS",M2,Laurel,31.8254653,-89.1480537
246,29900,29900,"Laurinburg, NC",M2,Laurinburg,34.8400226,-79.4773366
NA,30020,30020,"Lawton, OK",M1,Lawton,34.5291104,-98.4309172
NA,30100,30100,"Lebanon, NH-VT",M2,"Lebanon, NH",43.7857256,-72.1591415
276,30140,30140,"Lebanon, PA",M1,Lebanon,40.3714482,-76.4648185
NA,30300,30300,"Lewiston, ID-WA",M1,"Lewiston, ID",46.2516957,-116.9250166
438,30340,30340,"Lewiston-Auburn, ME",M1,Lewiston,44.1676811,-70.2074347
NA,30420,30420,"Lexington, NE",M2,Lexington,40.7568158,-99.8219783
336,30460,30460,"Lexington-Fayette, KY",M1,Lexington,38.1028763,-84.4385451
NA,30580,30580,"Liberal, KS",M2,Liberal,37.1809599,-100.8552566
339,30700,30700,"Lincoln, NE",M1,Lincoln,40.8174581,-96.8687434
340,30780,30780,"Little Rock-North Little Rock-Conway, AR",M1,Little Rock,34.7557726,-92.4005889
NA,30860,30860,"Logan, UT-ID",M1,"Logan, UT",41.8890205,-111.7874375
NA,30980,30980,"Longview, TX",M1,Longview,32.4316457,-94.6848326
440,31020,31020,"Longview, WA",M1,Longview,46.1967854,-122.6784596
106,31060,31060,"Los Alamos, NM",M2,Los Alamos,35.8700469,-106.3079679
348,31080,31080,"Los Angeles-Long Beach-Anaheim, CA",M1,Los Angeles,34.1087033,-118.1827533
350,31140,31140,"Louisville/Jefferson County, KY-IN",M1,"Louisville/Jefferson County, KY",38.3058381,-85.6816455
352,31180,31180,"Lubbock, TX",M1,Lubbock,33.4703271,-101.6488249
NA,31260,31260,"Lufkin, TX",M2,Lufkin,31.2518963,-94.6111337
246,31300,31300,"Lumberton, NC",M2,Lumberton,34.6392096,-79.1008811
NA,31340,31340,"Lynchburg, VA",M1,Lynchburg,37.3649258,-79.2166894
260,31460,31460,"Madera, CA",M1,Madera,37.2098213,-119.7498023
357,31540,31540,"Madison, WI",M1,Madison,43.0842941,-89.5971796
NA,31660,31660,"Malone, NY",M2,Malone,44.5943758,-74.31067
148,31700,31700,"Manchester-Nashua, NH",M1,Manchester,42.9115317,-71.7230554
NA,31740,31740,"Manhattan, KS",M1,Manhattan,39.2684241,-96.5622422
NA,31820,31820,"Manitowoc, WI",M2,Manitowoc,44.156137,-87.5773525
359,31860,31860,"Mankato, MN",M1,Mankato,44.1548096,-94.1478013
360,31900,31900,"Mansfield, OH",M1,Mansfield,40.774159,-82.5427812
361,31940,31940,"Marinette, WI-MI",M2,"Marinette, WI",45.435279,-87.7692157
NA,32100,32100,"Marquette, MI",M2,Marquette,46.6565964,-87.5840278
NA,32140,32140,"Marshall, MN",M2,Marshall,44.4091953,-95.8472678
NA,32260,32260,"Marshalltown, IA",M2,Marshalltown,42.041691,-92.9814523
NA,32300,32300,"Martinsville, VA",M2,Martinsville,36.6825035,-79.8725642
NA,32380,32380,"Mason City, IA",M2,Mason City,43.2137325,-93.2743388
NA,32540,32540,"McAlester, OK",M2,McAlester,34.9255401,-95.7481302
365,32580,32580,"McAllen-Edinburg-Mission, TX",M1,McAllen,26.3963839,-98.18099
NA,32620,32620,"McComb, MS",M2,McComb,31.1775159,-90.3977254
366,32780,32780,"Medford, OR",M1,Medford,42.4116214,-122.6756106
368,32820,32820,"Memphis, TN-MS-AR",M1,"Memphis, TN",35.0244194,-89.8719712
488,32900,32900,"Merced, CA",M1,Merced,37.1948063,-120.7228019
NA,32940,32940,"Meridian, MS",M2,Meridian,32.4106743,-88.6619259
370,33100,33100,"Miami-Fort Lauderdale-Pompano Beach, FL",M1,Miami,26.1018281,-80.4787552
NA,33180,33180,"Middlesborough, KY",M2,Middlesborough,36.7289281,-83.680718
372,33260,33260,"Midland, TX",M1,Midland,32.0923594,-101.9945395
NA,33300,33300,"Milledgeville, GA",M2,Milledgeville,33.1985269,-83.0911491
376,33340,33340,"Milwaukee-Waukesha, WI",M1,Milwaukee,43.0176601,-87.4815541
378,33460,33460,"Minneapolis-St. Paul-Bloomington, MN-WI",M1,Minneapolis,45.096664,-93.275361
NA,33500,33500,"Minot, ND",M2,Minot,48.3202424,-101.1980099
NA,33540,33540,"Missoula, MT",M1,Missoula,47.0272632,-113.8926911
NA,33580,33580,"Mitchell, SD",M2,Mitchell,43.675038,-97.9669366
380,33660,33660,"Mobile, AL",M1,Mobile,30.9715095,-88.20787
488,33700,33700,"Modesto, CA",M1,Modesto,37.5623162,-121.0028311
384,33740,33740,"Monroe, LA",M1,Monroe,32.734255,-92.0995498
220,33780,33780,"Monroe, MI",M1,Monroe,41.916097,-83.4871059
388,33860,33860,"Montgomery, AL",M1,Montgomery,32.3656313,-86.4045848
NA,33940,33940,"Montrose, CO",M2,Montrose,38.3425479,-108.1622366
404,33980,33980,"Morehead City, NC",M2,Morehead City,34.8583428,-76.5358602
318,34020,34020,"Morgan City, LA",M2,Morgan City,29.6293488,-91.4638037
390,34060,34060,"Morgantown, WV",M1,Morgantown,39.5251551,-79.8019121
393,34180,34180,"Moses Lake, WA",M2,Moses Lake,47.2136328,-119.467788
NA,34220,34220,"Moultrie, GA",M2,Moultrie,31.1897075,-83.769773
NA,34260,34260,"Mountain Home, AR",M2,Mountain Home,36.2802684,-92.3299488
147,34300,34300,"Mountain Home, ID",M2,Mountain Home,43.3946984,-115.471205
268,34340,34340,"Mount Airy, NC",M2,Mount Airy,36.415416,-80.6864631
NA,34420,34420,"Mount Pleasant, TX",M2,Mount Pleasant,33.1377994,-94.9710024
NA,34500,34500,"Mount Vernon, IL",M2,Mount Vernon,38.3007796,-88.92421
500,34580,34580,"Mount Vernon-Anacortes, WA",M1,Mount Vernon,48.4932917,-121.8157703
294,34620,34620,"Muncie, IN",M1,Muncie,40.2275433,-85.3992617
266,34740,34740,"Muskegon, MI",M1,Muskegon,43.2892579,-86.751892
538,34780,34780,"Muskogee, OK",M2,Muskogee,35.6175506,-95.3839106
396,34820,34820,"Myrtle Beach-Conway-North Myrtle Beach, SC-NC",M1,Myrtle Beach,33.9690951,-78.6127235
NA,34860,34860,"Nacogdoches, TX",M2,Nacogdoches,31.6205598,-94.6202497
488,34900,34900,"Napa, CA",M1,Napa,38.5070999,-122.3259045
163,34940,34940,"Naples-Marco Island, FL",M1,Naples,26.118786,-81.4009553
400,34980,34980,"Nashville-Davidson--Murfreesboro--Franklin, TN",M1,Nashville,36.1181822,-86.6441196
NA,35060,35060,"Natchitoches, LA",M2,Natchitoches,31.7325509,-93.0826114
404,35100,35100,"New Bern, NC",M1,New Bern,35.1168292,-77.0813197
408,35300,35300,"New Haven-Milford, CT",M1,New Haven,41.3497185,-72.9002033
406,35380,35380,"New Orleans-Metairie, LA",M1,New Orleans,29.805532,-89.7013821
408,35620,35620,"New York-Newark-Jersey City, NY-NJ-PA",M1,New York,40.77493,-73.873758
515,35660,35660,"Niles, MI",M1,Niles,41.7913818,-86.7425435
536,35700,35700,"Nogales, AZ",M2,Nogales,31.525733,-110.8452278
NA,35740,35740,"Norfolk, NE",M2,Norfolk,42.0431301,-97.4879515
NA,35820,35820,"North Platte, NE",M2,North Platte,41.2306471,-100.7833204
412,35840,35840,"North Port-Sarasota-Bradenton, FL",M1,North Port,27.3642461,-82.3193579
NA,35900,35900,"North Wilkesboro, NC",M2,North Wilkesboro,36.2088833,-81.1660949
278,35980,35980,"Norwich-New London, CT",M1,Norwich,41.4726517,-72.1086339
500,36020,36020,"Oak Harbor, WA",M2,Oak Harbor,48.1585538,-122.6706492
NA,36100,36100,"Ocala, FL",M1,Ocala,29.2028047,-82.0431004
482,36260,36260,"Ogden-Clearfield, UT",M1,Ogden,41.276061,-113.126226
NA,36300,36300,"Ogdensburg-Massena, NY",M2,Ogdensburg,44.4881125,-75.074311
NA,36340,36340,"Oil City, PA",M2,Oil City,41.4007143,-79.7658126
416,36420,36420,"Oklahoma City, OK",M1,Oklahoma City,35.4309676,-97.5069659
500,36500,36500,"Olympia-Lacey-Tumwater, WA",M1,Olympia,46.9358216,-122.8301524
420,36540,36540,"Omaha-Council Bluffs, NE-IA",M1,Omaha,41.2904587,-95.9999701
147,36620,36620,"Ontario, OR-ID",M2,"Ontario, OR",43.2258691,-117.619933
192,36700,36700,"Orangeburg, SC",M2,Orangeburg,33.436135,-80.8029131
422,36740,36740,"Orlando-Kissimmee-Sanford, FL",M1,Orlando,28.4343962,-81.3560839
118,36780,36780,"Oshkosh-Neenah, WI",M1,Oshkosh,44.0857068,-88.6681488
218,36820,36820,"Oskaloosa, IA",M2,Oskaloosa,41.3307969,-92.6363663
NA,36900,36900,"Ottumwa, IA",M2,Ottumwa,41.0312751,-92.4094658
NA,36980,36980,"Owensboro, KY",M1,Owensboro,37.6937232,-87.077058
NA,37060,37060,"Oxford, MS",M2,Oxford,34.353077999999996,-89.4853847
348,37100,37100,"Oxnard-Thousand Oaks-Ventura, CA",M1,Oxnard,34.3587415,-119.1331432
222,37120,37120,"Ozark, AL",M2,Ozark,31.4306536,-85.609476
424,37140,37140,"Paducah, KY-IL",M2,"Paducah, KY",37.1341812,-88.6566679
332,37220,37220,"Pahrump, NV",M2,Pahrump,37.9658636,-116.4590107
NA,37300,37300,"Palestine, TX",M2,Palestine,31.8412614,-95.6617267
NA,37340,37340,"Palm Bay-Melbourne-Titusville, FL",M1,Palm Bay,28.2983112,-80.7003334
NA,37460,37460,"Panama City, FL",M1,Panama City,30.2382176,-85.6316798
NA,37580,37580,"Paris, TX",M2,Paris,33.6672628,-95.5703477
426,37860,37860,"Pensacola-Ferry Pass-Brent, FL",M1,Pensacola,30.6554013,-87.1618275
NA,37900,37900,"Peoria, IL",M1,Peoria,40.7088872,-89.6974658
316,37940,37940,"Peru, IN",M2,Peru,40.7728833,-86.0442575
428,37980,37980,"Philadelphia-Camden-Wilmington, PA-NJ-DE-MD",M1,Philadelphia,39.8949576,-75.3119824
429,38060,38060,"Phoenix-Mesa-Chandler, AZ",M1,Phoenix,33.1857653,-112.0678624
340,38220,38220,"Pine Bluff, AR",M1,Pine Bluff,34.0812083,-91.9457289
430,38300,38300,"Pittsburgh, PA",M1,Pittsburgh,40.4395249,-79.8360972
NA,38340,38340,"Pittsfield, MA",M1,Pittsfield,42.371493,-73.2179276
352,38380,38380,"Plainview, TX",M2,Plainview,34.0684364,-101.8228879
NA,38420,38420,"Platteville, WI",M2,Platteville,42.8700275,-90.6942288
NA,38460,38460,"Plattsburgh, NY",M2,Plattsburgh,44.752712,-73.7056429
NA,38540,38540,"Pocatello, ID",M1,Pocatello,42.6897614,-112.5775299
NA,38620,38620,"Ponca City, OK",M2,Ponca City,36.8148851,-97.1438616
NA,38820,38820,"Port Angeles, WA",M2,Port Angeles,48.1109034,-123.8898599
438,38860,38860,"Portland-South Portland, ME",M1,Portland,43.6514172,-70.4183755
440,38900,38900,"Portland-Vancouver-Hillsboro, OR-WA",M1,Portland,45.6006221,-122.484378
544,38920,38920,"Port Lavaca, TX",M2,Port Lavaca,28.4417191,-96.5795739
370,38940,38940,"Port St. Lucie, FL",M1,Port St. Lucie,27.2280459,-80.4253884
408,39100,39100,"Poughkeepsie-Newburgh-Middletown, NY",M1,Poughkeepsie,41.5752737,-74.0338729
NA,39150,39150,"Prescott Valley-Prescott, AZ",M1,Prescott Valley,34.631071,-112.5772247
NA,39220,39220,"Price, UT",M2,Price,39.673284,-110.5884845
148,39300,39300,"Providence-Warwick, RI-MA",M1,Providence,41.7068313,-71.2866369
482,39340,39340,"Provo-Orem, UT",M1,Provo,39.872067,-112.3590592
444,39380,39380,"Pueblo, CO",M1,Pueblo,38.1706581,-104.4898924
446,39420,39420,"Pullman, WA",M2,Pullman,46.9059441,-117.5353898
412,39460,39460,"Punta Gorda, FL",M1,Punta Gorda,26.8689745,-81.9412782
448,39500,39500,"Quincy, IL-MO",M2,"Quincy, IL",40.0271652,-91.3898384
376,39540,39540,"Racine, WI",M1,Racine,42.7541215,-87.4208775
450,39580,39580,"Raleigh-Cary, NC",M1,Raleigh,35.7567464,-78.4604412
452,39660,39660,"Rapid City, SD",M1,Rapid City,44.3154852,-102.7683833
428,39740,39740,"Reading, PA",M1,Reading,40.4139565,-75.9268598
454,39780,39780,"Red Bluff, CA",M2,Red Bluff,40.1261573,-122.2322737
454,39820,39820,"Redding, CA",M1,Redding,40.7605142,-122.0435556
378,39860,39860,"Red Wing, MN",M2,Red Wing,44.4061779,-92.7160003
456,39900,39900,"Reno, NV",M1,Reno,40.5007953,-119.7311608
NA,40060,40060,"Richmond, VA",M1,Richmond,37.4113241,-77.4418164
348,40140,40140,"Riverside-San Bernardino-Ontario, CA",M1,Riverside,34.5384763,-116.1345414
NA,40180,40180,"Riverton, WY",M2,Riverton,43.054831,-108.6089349
NA,40220,40220,"Roanoke, VA",M1,Roanoke,37.2862262,-79.9469346
462,40340,40340,"Rochester, MN",M1,Rochester,43.9496362,-92.3360701
464,40380,40380,"Rochester, NY",M1,Rochester,43.148038,-77.5232575
466,40420,40420,"Rockford, IL",M1,Rockford,42.331183,-89.0429139
NA,40460,40460,"Rockingham, NC",M2,Rockingham,35.004636,-79.7556946
204,40530,40530,"Rockport, TX",M2,Rockport,28.1226209,-96.9675012
NA,40540,40540,"Rock Springs, WY",M2,Rock Springs,41.6603282,-108.8756774
468,40580,40580,"Rocky Mount, NC",M1,Rocky Mount,35.9410455,-77.7985494
122,40660,40660,"Rome, GA",M1,Rome,34.2636918,-85.2136851
NA,40700,40700,"Roseburg, OR",M2,Roseburg,43.2863277,-123.154476
NA,40740,40740,"Roswell, NM",M2,Roswell,33.3616045,-104.4698374
NA,40760,40760,"Ruidoso, NM",M2,Ruidoso,33.7408411,-105.4498055
NA,40780,40780,"Russellville, AR",M2,Russellville,35.1995857,-93.2527625
384,40820,40820,"Ruston, LA",M2,Ruston,32.6018231,-92.6623026
NA,40860,40860,"Rutland, VT",M2,Rutland,43.5808577,-73.0382023
472,40900,40900,"Sacramento-Roseville-Folsom, CA",M1,Sacramento,38.7896779,-121.0057504
NA,40940,40940,"Safford, AZ",M2,Safford,32.9318277,-109.8783103
474,40980,40980,"Saginaw, MI",M1,Saginaw,43.3282667,-84.05541
378,41060,41060,"St. Cloud, MN",M1,St. Cloud,45.5930312,-94.4883635
NA,41100,41100,"St. George, UT",M1,St. George,37.2625308,-113.4878003
312,41140,41140,"St. Joseph, MO-KS",M1,"St. Joseph, MO",39.834843,-94.7837537
476,41180,41180,"St. Louis, MO-IL",M1,"St. Louis, MO",38.7402108,-90.3458253
300,41220,41220,"St. Marys, GA",M2,St. Marys,30.913358,-81.6420193
440,41420,41420,"Salem, OR",M1,Salem,44.9033845,-122.9017571
NA,41500,41500,"Salinas, CA",M1,Salinas,36.240107,-121.3155723
480,41540,41540,"Salisbury, MD-DE",M1,"Salisbury, MD",38.3995211,-75.4782615
482,41620,41620,"Salt Lake City, UT",M1,Salt Lake City,40.5728869,-112.9532527
NA,41660,41660,"San Angelo, TX",M1,San Angelo,31.4798393,-100.7745902
484,41700,41700,"San Antonio-New Braunfels, TX",M1,San Antonio,29.4330599,-98.6069734
NA,41740,41740,"San Diego-Chula Vista-Carlsbad, CA",M1,San Diego,33.0236041,-116.7761174
488,41860,41860,"San Francisco-Oakland-Berkeley, CA",M1,San Francisco,37.7737185,-122.2744317
488,41940,41940,"San Jose-Sunnyvale-Santa Clara, CA",M1,San Jose,36.9084718,-121.3713721
490,41980,41980,"San Juan-Bayamón-Caguas, PR",M1,San Juan,18.2944526,-66.0368437
NA,42020,42020,"San Luis Obispo-Paso Robles, CA",M1,San Luis Obispo,35.3852242,-120.4475445
488,42100,42100,"Santa Cruz-Watsonville, CA",M1,Santa Cruz,37.0124883,-122.007205
106,42140,42140,"Santa Fe, NM",M1,Santa Fe,35.5145305,-105.9639718
488,42220,42220,"Santa Rosa-Petaluma, CA",M1,Santa Rosa,38.5251824,-122.9261095
NA,42300,42300,"Sault Ste. Marie, MI",M2,Sault Ste. Marie,46.3218192,-84.5206297
496,42340,42340,"Savannah, GA",M1,Savannah,32.1091533,-81.2731066
NA,42420,42420,"Scottsbluff, NE",M2,Scottsbluff,42.1633258,-103.7344731
497,42460,42460,"Scottsboro, AL",M2,Scottsboro,34.764114,-85.9800556
NA,42540,42540,"Scranton--Wilkes-Barre, PA",M1,Scranton,41.3228806,-75.8981877
340,42620,42620,"Searcy, AR",M2,Searcy,35.2551175,-91.7530339
500,42660,42660,"Seattle-Tacoma-Bellevue, WA",M1,Seattle,47.4905993,-121.833996
NA,42700,42700,"Sebring-Avon Park, FL",M1,Sebring,27.3410799,-81.3423534
146,42780,42780,"Selinsgrove, PA",M2,Selinsgrove,40.7554068,-77.0729288
388,42820,42820,"Selma, AL",M2,Selma,32.3335397,-87.1143556
273,42860,42860,"Seneca, SC",M2,Seneca,34.7487656,-83.0615395
NA,42200,42200,"Santa Maria-Santa Barbara, CA",M1,Santa Maria,34.5370572,-120.0399729
416,43060,43060,"Shawnee, OK",M2,Shawnee,35.2113928,-96.957007
172,43140,43140,"Shelby, NC",M2,Shelby,35.3346302,-81.5571145
500,43220,43220,"Shelton, WA",M2,Shelton,47.3541257,-123.1738498
NA,43260,43260,"Sheridan, WY",M2,Sheridan,44.7813692,-106.8812114
206,43300,43300,"Sherman-Denison, TX",M1,Sherman,33.624524,-96.675693
NA,43320,43320,"Show Low, AZ",M2,Show Low,35.3907852,-110.3210248
508,43340,43340,"Shreveport-Bossier City, LA",M1,Shreveport,32.4376822,-93.7448836
NA,43420,43420,"Sierra Vista-Douglas, AZ",M1,Sierra Vista,31.8401287,-109.7751627
NA,43500,43500,"Silver City, NM",M2,Silver City,32.732087,-108.3815043
NA,43580,43580,"Sioux City, IA-NE-SD",M1,"Sioux City, IA",42.5129417,-96.4389491
NA,43620,43620,"Sioux Falls, SD",M1,Sioux Falls,43.4954205,-96.9953387
NA,43700,43700,"Somerset, KY",M2,Somerset,37.1073741,-84.5769534
515,43780,43780,"South Bend-Mishawaka, IN-MI",M1,South Bend,41.7749808,-86.1230143
273,43900,43900,"Spartanburg, SC",M1,Spartanburg,34.9332708,-81.9910522
517,43980,43980,"Spencer, IA",M2,Spencer,43.0812244,-95.1498753
518,44060,44060,"Spokane-Spokane Valley, WA",M1,Spokane,48.091618,-117.663472
522,44100,44100,"Springfield, IL",M1,Springfield,39.828565,-89.6962052
NA,44140,44140,"Springfield, MA",M1,Springfield,42.3648332,-72.6194063
NA,44180,44180,"Springfield, MO",M1,Springfield,37.3608699,-93.1802617
212,44220,44220,"Springfield, OH",M1,Springfield,39.9170315,-83.783676
524,44300,44300,"State College, PA",M1,State College,40.9091275,-77.8478769
496,44340,44340,"Statesboro, GA",M2,Statesboro,32.3917111,-81.744021
277,44420,44420,"Staunton, VA",M1,Staunton,38.1609584,-79.1276321
525,44460,44460,"Steamboat Springs, CO",M2,Steamboat Springs,40.4836638,-106.9877021
NA,44660,44660,"Stillwater, OK",M2,Stillwater,36.0792254,-96.9752553
488,44700,44700,"Stockton, CA",M1,Stockton,37.9349815,-121.272244
310,44780,44780,"Sturgis, MI",M2,Sturgis,41.9114878,-85.5228703
NA,44860,44860,"Sulphur Springs, TX",M2,Sulphur Springs,33.1489673,-95.5654337
NA,44940,44940,"Sumter, SC",M1,Sumter,33.7926537,-80.2940548
NA,45020,45020,"Sweetwater, TX",M2,Sweetwater,32.3123379,-100.4181078
532,45060,45060,"Syracuse, NY",M1,Syracuse,43.0065163,-76.1961336
NA,45140,45140,"Tahlequah, OK",M2,Tahlequah,35.9043668,-94.9967964
142,45180,45180,"Talladega-Sylacauga, AL",M2,Talladega,33.3693135,-86.1759302
NA,45220,45220,"Tallahassee, FL",M1,Tallahassee,30.3864255,-84.2804096
NA,45300,45300,"Tampa-St. Petersburg-Clearwater, FL",M1,Tampa,28.1259071,-82.4652858
522,45380,45380,"Taylorville, IL",M2,Taylorville,39.5455242,-89.2795927
NA,45500,45500,"Texarkana, TX-AR",M1,"Texarkana, TX",33.4783701,-94.2071694
122,45580,45580,"Thomaston, GA",M2,Thomaston,32.8818367,-84.2922831
534,45780,45780,"Toledo, OH",M1,Toledo,41.5553128,-83.5170883
NA,45820,45820,"Topeka, KS",M1,Topeka,39.0413888,-95.8026393
NA,45900,45900,"Traverse City, MI",M2,Traverse City,44.9523239,-85.90832
408,45940,45940,"Trenton-Princeton, NJ",M1,Trenton,40.2825026,-74.703724
NA,45980,45980,"Troy, AL",M2,Troy,31.7986508,-85.9416035
472,46020,46020,"Truckee-Grass Valley, CA",M2,Truckee,39.2975082,-120.7713429
536,46060,46060,"Tucson, AZ",M1,Tucson,32.1280427,-111.7836574
538,46140,46140,"Tulsa, OK",M1,Tulsa,36.2544287,-96.1773294
539,46180,46180,"Tupelo, MS",M2,Tupelo,34.3400327,-88.6511835
NA,46220,46220,"Tuscaloosa, AL",M1,Tuscaloosa,33.0978758,-87.7991533
NA,46300,46300,"Twin Falls, ID",M1,Twin Falls,42.4403972,-114.5687294
540,46340,46340,"Tyler, TX",M1,Tyler,32.3770156,-95.2700409
NA,46380,46380,"Ukiah, CA",M2,Ukiah,39.4323876,-123.4428811
NA,46520,46520,"Urban Honolulu, HI",M1,Urban Honolulu,21.5800225,-158.1234063
NA,46540,46540,"Utica-Rome, NY",M1,Utica,43.3322796,-75.1731893
NA,46620,46620,"Uvalde, TX",M2,Uvalde,29.3503081,-99.768427
NA,46660,46660,"Valdosta, GA",M1,Valdosta,30.8271579,-83.2435547
488,46700,46700,"Vallejo, CA",M1,Vallejo,38.2672255,-121.939594
NA,46860,46860,"Vernal, UT",M2,Vernal,40.1258872,-109.5177482
544,47020,47020,"Victoria, TX",M1,Victoria,28.7314546,-97.1969934
NA,47080,47080,"Vidalia, GA",M2,Vidalia,32.1542177,-82.4113785
428,47220,47220,"Vineland-Bridgeton, NJ",M1,Vineland,39.3284336,-75.1216277
NA,47240,47240,"Vineyard Haven, MA",M2,Vineyard Haven,41.3809696,-70.7014995
545,47260,47260,"Virginia Beach-Norfolk-Newport News, VA-NC",M1,Virginia Beach,36.8044077,-76.4495261
NA,47300,47300,"Visalia, CA",M1,Visalia,36.2288339,-118.7810551
NA,47380,47380,"Waco, TX",M1,Waco,31.4272264,-97.0934727
244,47420,47420,"Wahpeton, ND-MN",M2,"Wahpeton, ND",46.293950100000004,-96.7907012
313,47460,47460,"Walla Walla, WA",M1,Walla Walla,46.2546057,-118.4803697
356,47580,47580,"Warner Robins, GA",M1,Warner Robins,32.4928056,-83.7110844
312,47660,47660,"Warrensburg, MO",M2,Warrensburg,38.741528,-93.8118634
515,47700,47700,"Warsaw, IN",M2,Warsaw,41.2442928,-85.8615754
548,47900,47900,"Washington-Arlington-Alexandria, DC-VA-MD-WV",M1,Washington,38.7982054,-77.4868816
NA,47940,47940,"Waterloo-Cedar Falls, IA",M1,Waterloo,42.5367962,-92.471608
NA,47980,47980,"Watertown, SD",M2,Watertown,44.8524086,-97.1770994
376,48020,48020,"Watertown-Fort Atkinson, WI",M2,Watertown,43.0138045,-88.7739847
NA,48060,48060,"Watertown-Fort Drum, NY",M1,Watertown,43.996389,-76.0529678
554,48140,48140,"Wausau-Weston, WI",M1,Wausau,45.0539796,-89.7579047
NA,48180,48180,"Waycross, GA",M2,Waycross,31.1331137,-82.3686504
NA,48220,48220,"Weatherford, OK",M2,Weatherford,35.6456012,-98.9973857
NA,48300,48300,"Wenatchee, WA",M1,Wenatchee,47.7661102,-120.2701973
NA,48460,48460,"West Plains, MO",M2,West Plains,36.7743685,-91.8873677
NA,48540,48540,"Wheeling, WV-OH",M1,"Wheeling, WV",39.975509,-80.8470113
556,48620,48620,"Wichita, KS",M1,Wichita,37.637896,-97.2462875
NA,48660,48660,"Wichita Falls, TX",M1,Wichita Falls,33.7761441,-98.5019073
558,48700,48700,"Williamsport, PA",M1,Williamsport,41.3438824,-77.0552624
NA,48780,48780,"Williston, ND",M2,Williston,48.3557649,-103.5013332
NA,48900,48900,"Wilmington, NC",M1,Wilmington,34.4260331,-77.889634
178,48940,48940,"Wilmington, OH",M2,Wilmington,39.4302248,-83.7956823
556,49060,49060,"Winfield, KS",M2,Winfield,37.2345068,-96.8372468
NA,49080,49080,"Winnemucca, NV",M2,Winnemucca,41.4079136,-118.1275915
268,49180,49180,"Winston-Salem, NC",M1,Winston,36.0788515,-80.3450642
554,49220,49220,"Wisconsin Rapids-Marshfield, WI",M2,Wisconsin Rapids,44.4614126,-90.0388252
